{"cameraMode":{"drawMode":0,"name":"Shaded","section":"Shading Mode"},"sceneLighting":true,"audioPlay":false,"sceneViewState":{"showFog":true,"showMaterialUpdate":false,"showSkybox":true,"showFlares":true,"showImageEffects":true,"showParticleSystems":true},"in2DMode":false,"pivot":{"x":-61.7247314453125,"y":-0.12877845764160157,"z":-6.418323993682861},"rotation":{"x":-0.38310039043426516,"y":-0.4040714204311371,"z":0.18760687112808228,"w":-0.8099398016929627},"size":18.69684600830078,"orthographic":false}